dataset,mae,rmse
lipo,0.9262032356691997,1.1564010253906079
qm7,183.31729511145343,223.0367788971228
dr,0.4543869180275786,0.5416789121607638
