model1,model2,t_statistic,p_value
non-pretrained,rf,4.038333987418286,0.011637005556022187
non-pretrained,pretrained,11.983260296409425,2.2425045048759136e-05
rf,pretrained,15.946853777676623,2.662125427540599e-06
non-pretrained,rf,-53.19173258980359,1.6067500728422175e-07
non-pretrained,pretrained,-18.952659547800746,7.061483948673336e-08
rf,pretrained,31.421597991541216,1.3125407947140952e-06
non-pretrained,rf,-38.01706166532366,7.567703972476999e-07
non-pretrained,pretrained,-6.553183819483916,0.001138432474433363
rf,pretrained,7.747309360264085,0.0013855915285602657
