epoch,step,test/mae,test/r2,test/rmse,test/task_loss,test/total_loss,test/vgae_loss
0,0,0.5723863840103149,0.5714505910873413,0.7549064755439758,0.37875813245773315,1.9037675857543945,1.5250093936920166
