epoch,step,test/mae,test/r2,test/rmse,test/task_loss,test/total_loss,test/vgae_loss
0,0,115.37748718261719,0.45219987630844116,163.21261596679688,0.5260446667671204,8.535079002380371,8.009034156799316
