epoch,step,test/mae,test/r2,test/rmse,test/task_loss,test/total_loss,test/vgae_loss
0,0,114.37459564208984,0.48210620880126953,158.69491577148438,0.5141003131866455,8.57502555847168,8.060927391052246
