epoch,step,test/mae,test/r2,test/rmse,test/task_loss,test/total_loss,test/vgae_loss
0,0,0.4804031550884247,0.6951367259025574,0.6367152333259583,0.2708982825279236,1.403077244758606,1.1321789026260376
