epoch,step,test/mae,test/r2,test/rmse,test/task_loss,test/total_loss,test/vgae_loss
0,0,91.55870819091797,0.6041437387466431,138.7430877685547,0.3873450756072998,2.224675416946411,1.83733069896698
